id	blob_sha	path_at_HEAD	size	sha256
000	54dae903ba1cddae491a8cafd76058d176a26868	.skill-loop-progress.md	271791	5bc8d9c863660082e2385363666abddecbf0fac118c64609d8bb1aef6f84974d
001	be9a46b4e294744544558b53748525b8b2904684	COMPREHENSIVE_SPEC_FOR_FRANKENNETWORKX_V1.md	15202	f11b9583d277bf01375dd141e92fe1e42b57386d5417fd738d6b591441612f96
002	90eeca371c6a1fffe978b7c6a6c7fead11274f7c	EXHAUSTIVE_LEGACY_ANALYSIS.md	96088	70d82f03183dd6d713b5604275fc9c599a0c22d855d13a8a44cb1cd4d33a0039
003	173cdc883984104ca9c1f020c7eb765e226abf9e	EXISTING_NETWORKX_STRUCTURE.md	32092	1d1c625c841c69817e03fbcb6c9ba340e2a875c94072962768125633ebcb7b13
004	6d5a185199f0328d6b2aba9a7096a668e73ee186	FEATURE_PARITY.md	8742	b9b159017d7503d1bfb96602167b23e2602de2ede72836be4314a6cbf78d07d0
005	74fd1ff94a345676b84ccb4b754634b15f8a327a	FRANKENSQLITE_CROSSWALK.md	1925	87687a953839cc8fb5cb21900fa491b3999d5c7cc15950ccb41da9730e330fe9
006	27c9a138c528fce388f2307da5af9c9feff9a168	PARITY-COVERAGE.md	3771	cbc2b23e3077189d362a46e5c2494b1db0020a09a9e3dfc0f85c880d6260ede5
007	73998ce627e8dd71585efeb4e6d7138ba4e4d427	PHASE2C_EXTRACTION_PACKET.md	7918	708f5d1e1bba69004f58723e0141e86ed4f18549741da48a8786d250167b876d
008	5c6319af7662b8d1f29e81ed5f93b25acfd89c60	PLAN_TO_PORT_NETWORKX_TO_RUST.md	4382	6e34799b6306ee79bde7d37b40cfa43e77a61c9013ed4dac2e7421aa4ec90c15
009	f4498380d5091e93b6a3c2cab654940ad22cab59	PROPOSED_ARCHITECTURE.md	5025	fa24d51133cf4dfd6b921a573e1d14ba1163ce83d76aa2145e09d0ef856c4e69
010	0cebc28a985c1a62ae39fc2e80b64d35edf50863	REALITY_CHECK.md	8092	f8fa12e7691def459753b501006a9e61711f19085d6a27463c3ea039793781d1
011	2c3ab2d0ba47f5b482411ff2b42fa932d5f34110	REALITY_CHECK_BRIDGE_PLAN_2026-04-08.md	54350	e94f35fef420a7fa85ee3a178421daa5cb2070a1c9d0d47ff18d2271c8e84782
012	6599157b3ccd626cb982bea4dda232f7b516ba10	TODO_DOC_PASS00_EXECUTION_TRACKER_2026-02-14.md	1702	507a4b4c9401f9d356476cc162d1ddc6f955544cdba073a85188f46032df0d38
013	568aaffb2e50be224ff7d71639f16bb4f6c029d2	TODO_DOC_PASS01_EXECUTION_TRACKER_2026-02-14.md	1201	9438598cc776abd2b201ed2b245640c9ec4bd0c8cd9ccb5566060b50f2817c37
014	54928813e7bc09c88f4253897fddf71fae1ffdb3	TODO_DOC_PASS02_EXECUTION_TRACKER_2026-02-14.md	699	74f68ae0b11fdce2364e3f1263e31a21a35be578a14e109f4660c8706436ac6b
015	1a4f91e38b550fa30088e77b96342211ac366d4a	TODO_DOC_PASS03_EXECUTION_TRACKER_2026-02-14.md	1257	07da1e141790f45cb1d879a4a04fca31191ec7acd6b78125a30e771349383566
016	96090b60c345b239e732c64e62cb5c5de684d9ae	TODO_PHASE2C_BD3151_EXECUTION_TRACKER_2026-02-14.md	2367	33462c0f81275a53f806ada084b284b5d173a9feecb7cb804702336efe06312b
017	66c54022d4b28b177a0258d4b1395d7db0035dd6	TODO_PHASE3_EXECUTION_TRACKER_2026-02-13.md	2631	ef4037add5b3dd57f5b04ebc76860d2595078a197e517296e3e798f0e799b16d
018	7bcaefe22a23e31ff170a10b0c74ffa337868f07	TODO_PHASE4_EXECUTION_TRACKER_2026-02-13.md	4030	1d8b1bdf1f3b8a74c420743373a5ca56124d80a93217fba6a4a678f530c4a229
019	6651903793127389352ccbd683dcf1f4903d338a	TODO_PHASE5_EXECUTION_TRACKER_2026-02-13.md	2855	816445d43d94ba084333dde485193286df8b480a6cab65988747269055feca18
020	131195ad3fa5e6552302b3ffcd2e94f16e6deaa9	TODO_PHASE6_EXECUTION_TRACKER_2026-02-13.md	2516	f21d4743fbfc9352844273d461c163f4bf7a1feebefe4331e07231b022ece0b8
021	dca10a86307c59dc1ccf12f3004ba54eb0e602f4	TODO_PORTING_EXECUTION_TRACKER_2026-02-13.md	4514	89960516bb52c2ce171f4d6f77230c22492f0e5f229cfd5201134dc300ed4aea
022	ad0085bdff9c8e89a89907b1a411dba7e0c09d07	UPGRADE_LOG.md	19455	b780dd57e7b2a96c03fb6d1f88852d3631f1d98b45ebe79481a3581edc8841db
023	f755182b73ab1a4d032184b4f5fbfc97650dbe20	audit_networkx_fuzz.md	4570	dc3eb55db69af7c2a77a5e2198088203e6515d373bf655b8635147205442402c
024	f4395ce6f89ddfe307869e62541ea72dd59b861f	audit_networkx_reality.md	3219	47ff4246ad2b56981b9597e9c8badb9248cc168e450c411d9b0c5514daecb6b7
